32,-26.81487871010208,0.26396891863014055
33,-26.631788815526722,0.26416936271745234
34,-26.345318333254063,0.2644233866899149
35,-26.27626720438135,0.2650775887633175
36,-26.15552261955953,0.2650974160952025
37,-26.094601714569777,0.265168661917703
38,-25.90701495496528,0.26472005922574093
39,-25.657734390187485,0.26539012328620953
40,-25.503673303704673,0.2659179046827307
41,-25.219557076480747,0.265167798848016
42,-25.029104283761104,0.26606462262601743
43,-14.14687063270771,0.20940857890438339
44,-14.07262179921185,0.2097546100707394
45,-14.058197901483684,0.21023825522902784
46,-14.033122629187329,0.21063639559042557
47,-14.010033046512415,0.21091825352551283
48,-13.9644704263779,0.2112243744953191
49,-13.954240768656357,0.2115624226322353
50,-13.88915729991263,0.2118830435538676
51,-13.873630281105116,0.21222371013497887
52,-13.842036252563155,0.21262803218254722
53,-13.823875668963252,0.2129588102153151
54,-13.770262538168245,0.21316414796369415
55,-13.74904747617896,0.21346004817988404
56,-13.750872286270504,0.21377882319708416
57,-13.693082246389407,0.21390455385300453
58,-13.6879231471141,0.21416647161081775
59,-13.68961870744442,0.21447101731819473
60,-13.635644248145773,0.21465090857902971
61,-13.638325101757543,0.2149309628164077
62,-13.641119977055462,0.215196645861489
63,-13.586305184157759,0.21530408191539846
64,-13.600278030282611,0.21559387927567858
65,-13.540377650978312,0.2158762591034682
66,-13.51356661623876,0.21615732656347714
67,-13.48553653627639,0.21631969801438816
68,-13.488114813418553,0.21646701077197444
69,-13.459974303393844,0.21676921000295898
70,-13.453925891567943,0.2172410048099538
71,-13.408580728336577,0.21745442074868687
72,-13.390070998703818,0.217811652406493
73,-13.375500523351787,0.21807843601062316
74,-13.31806833902274,0.21828618915612816
75,-13.299274882689197,0.21853679150004549
76,-13.266593797962535,0.2188147422587847
77,-13.271457193091786,0.21922591068677655
78,-13.233095634959698,0.2194559514117174
79,-13.22876504825031,0.21971982673716137
80,-13.207999967356889,0.21999719591669342
81,-13.179273166685862,0.22021776630168358
82,-13.155850794912213,0.22038534797859172
83,-13.16535914485002,0.22074212589109773
84,-13.134370682963914,0.22087643378190036
85,-13.111847837805268,0.22104312053861316
86,-13.084528132101735,0.22126081820487506
87,-13.035358390360242,0.22146482687176178
88,-13.065045094423025,0.2218458322176552
89,-13.004346914220653,0.22190646630714128
90,-13.006482289637802,0.22216711261983438
91,-12.957320391045165,0.2223833697932458
92,-12.92709279204095,0.22262712510354465
93,-12.873483164627364,0.22283724419278161
94,-12.873201144815487,0.2232672417522137
95,-12.833348548878963,0.22359064643453624
96,-12.799331653243337,0.2239009364602245
97,-12.800724691908382,0.2243382830702787
98,-12.748601867323258,0.2245445179855546
99,-12.71873214111522,0.22488394109479745
100,-12.684708077442094,0.2250535710352852
101,-12.674892424968535,0.22533705758243572
102,-12.680656452770423,0.225630566529262
103,-12.625833497174717,0.22575126959868452
104,-12.603425801829589,0.2259056595339051
105,-12.553844118521397,0.22590435292404784
106,-12.55449804505183,0.22620301582369629
107,-12.534151693573275,0.2262548156849853
108,-12.483869384939279,0.22633833435920306
109,-12.4963985971071,0.22656554886636304
110,-12.414703317708744,0.2266188708275413
111,-12.409736030570842,0.2269847717662896
112,-12.373378606723376,0.22709922943615696
113,-12.289029196317273,0.22721153239478312
114,-12.250120659476858,0.2275786249761506
115,-12.208025887206253,0.2280012970535013
116,-12.15154730954477,0.22830681238247916
117,-12.118621128563396,0.22852076120459475
118,-12.09739739668602,0.22893870452039425
119,-12.060055195583729,0.2291966255470837
120,-12.01726067720127,0.22948596157817328
121,-12.005167791599728,0.22975973148642045
122,-11.980887881354462,0.23001713574803284
123,-11.968217832435254,0.23016634862327381
124,-11.929190223640024,0.23016297200085337
125,-11.915123208423271,0.2303601059547518
126,-11.888941614699231,0.23049977685089412
127,-11.896684952889082,0.23073196145188246
128,-11.872706900795828,0.23085116721148732
129,-11.820887060707662,0.230960574396934
130,-11.78551529637296,0.23118591120399345
131,-11.770279480406687,0.23156935400945639
132,-11.721223771011969,0.23172705254861953
133,-11.724676635380352,0.23214664240595495
134,-11.697029466293538,0.23244377233891478
135,-11.674177524694297,0.2326472751283615
136,-11.655536595403637,0.23289629677795198
137,-11.57972020633583,0.23299475929325125
138,-11.578753237987307,0.2334150439589544
139,-11.573017248135379,0.23366970486473687
140,-11.54413625482237,0.23372975432155993
141,-11.525620110962727,0.2339866545504199
142,-11.474269993370072,0.2341818603134988
143,-11.480103710852134,0.23440252463609826
144,-11.437392148273277,0.2345143120384137
145,-11.41411507964162,0.2348788932098784
146,-11.41676459273341,0.2352958382615671
147,-11.363896685364988,0.2353806097418266
148,-11.376624056483129,0.23571520689085085
149,-11.364909352953681,0.23594690064573187
150,-11.312177798822264,0.2360558598450572
151,-11.291143778603661,0.23614549809932403
152,-11.245280430246295,0.23629927428435826
153,-11.24282217309121,0.23666942635991028
154,-11.217939043124051,0.2369891614596736
155,-11.195202813726397,0.23746068217459318
156,-11.10894556174809,0.23797441653296691
157,-11.07622643772656,0.23841067302402855
158,-11.069853234550587,0.2387435307911643
159,-11.057108736821107,0.23911127348118882
160,-10.986804689433116,0.23941144215771382
161,-10.944120869937128,0.23954816181960226
162,-10.95420389971903,0.24001412421764468
163,-10.881569411823541,0.24013879177547753
164,-10.846238192321282,0.24055119875063713
165,-10.822698518765511,0.2407881773522149
166,-10.782845139510869,0.24115767601745927
167,-10.771003444472743,0.24135015810157814
168,-10.726400995557587,0.24156499043274915
169,-10.67847419679881,0.24177135291102803
170,-10.672543578299422,0.242011119989326
171,-10.653008275962412,0.2422452967839762
172,-10.564407838089458,0.2423468026919058
173,-10.544026023983688,0.24266981248711988
174,-10.502624737048825,0.24284754612158985
175,-10.475270821405676,0.24307976128489542
176,-10.427981035731598,0.24327439315912008
177,-10.369819466724824,0.24338244211912285
178,-10.33172824955648,0.24353178166265732
179,-10.247876779382908,0.2435529887995182
180,-10.23965944457087,0.24376827249327257
181,-10.22482627926157,0.24395543524042942
182,-10.165620000367694,0.24408198146784676
183,-10.12345063276388,0.24428977179714478
184,-10.071916485080402,0.24430635238930143
185,-10.020170225226,0.24449412702471038
186,-9.98630510527486,0.24476044238282635
187,-9.948535694837988,0.24504390297535025
188,-9.883631005746233,0.2452143632275649
189,-9.84987352354719,0.2455492155503181
190,-9.790571879252026,0.24565919358625612
191,-9.72540503818448,0.24593108744436923
192,-9.631589556903362,0.2459810552240889
193,-9.614079495084871,0.24627508163967313
194,-10.911741278185296,0.2508639388323328
195,-9.577440570897371,0.2466709813473957
196,-10.79920929235591,0.2510241181233648
197,-10.739680378129897,0.2511669145999651
198,-9.398191425115861,0.24696162626585075
199,-9.36313178826986,0.2471097867179836
200,-10.562983204537401,0.25150678247429925
201,-9.223561052318159,0.24736308532798454
202,-9.145160413578557,0.24748678088899795
203,-10.283762949888883,0.2518079681257037
204,-10.194012500035928,0.2518669202011228
205,-8.926989782386068,0.2478268675348989
206,-10.001981986620219,0.25221644843644164
207,-9.87307493655744,0.25248814251103346
208,-9.827190265226463,0.2526874264050455
209,-9.755759470266577,0.25298988245185705
210,-8.533590193755415,0.24913517428382106
211,-8.455709105387477,0.24947966426911428
212,-8.395921982501552,0.2497651311031466
213,-10.480364479503216,0.29436240386883616
214,-9.37155374194745,0.2543198089795114
215,-9.325144763059653,0.25447475102136535
216,-9.259238713777084,0.2546673869718126
217,-9.196675976113577,0.25490298105658005
218,-9.091945912615673,0.25517818736355735
219,-7.9140361041074225,0.2515486954094687
220,-7.838646959722161,0.2522481650503362
221,-7.7423328594539385,0.2527062028544627
222,-8.673986896852748,0.25700929029971925
223,-7.58836868897455,0.2534176313342833
224,-7.54170892837389,0.2537654565578332
225,-8.459308658305694,0.2581136357071082
226,-7.366772351019364,0.2547977417458813
227,-8.998119990731283,0.2584148199499557
228,-9.0701874988316,0.26124194109983523
229,-9.047947821328842,0.2612327051949237
230,-9.036139934575003,0.26126474745522826
231,-9.038942668212007,0.26117609191647384
232,-9.075162756718678,0.26157493554452144
233,-7.222069847910327,0.25591618919449083
234,-7.2418291795834575,0.2558908993400761
235,-9.090308197726392,0.2615045776138865
236,-9.091575487204421,0.2615326324856287
237,-8.202549743021606,0.25966959650116805
238,-7.244903148846757,0.25591989957379935
239,-8.918862621018361,0.2590568056862855
240,-9.086144890816863,0.2614291982332775
241,-8.917778214197847,0.25894613507404585
242,-8.199599935585384,0.2597179187484425
243,-9.084871310391609,0.26152781671723735
244,-8.912798238304202,0.2589335350646415
245,-8.206705408263398,0.2597149546130977
246,-8.207029022006802,0.2596410338918828
247,-8.20222813895626,0.25971346137722656
248,-8.214409440974968,0.2596347461689127
249,-26.648199817784523,0.08753931728304014
250,-6.550922219267566,0.25552168541074427
251,-6.476034222481876,0.2556311867896927
252,-8.513227415055319,0.25812475575090743
253,-8.510393926308172,0.2720712843576696
254,-8.174591062943792,0.2722312949921049
255,-8.25961189323357,0.2725732684558348
256,-8.393132093632314,0.27226018170716787
257,-8.288928933630045,0.27146676025913563
258,-8.169842017634316,0.27136369835104907
259,-8.086128036484965,0.27152853881683137
260,-8.763283266707154,0.27054730466524946
261,-8.721209659718308,0.2705051031760126
262,-8.675951839844418,0.27029296389476726
263,-8.63233536522209,0.27022742012258005
264,-8.565368969149327,0.2703525051747396
265,-8.496357151630692,0.2704603419588347
266,-8.449576226781208,0.2703675925485795
267,-8.407338301855312,0.2701950074716801
268,-8.346185674275116,0.2702747322070053
269,-8.24838869772503,0.27038099986173864
270,-8.194578691784997,0.270380627298138
271,-8.128019108333657,0.27043103563623033
272,-8.056101994013058,0.270447940131086
273,-8.011538061934694,0.27049393230811036
274,-7.935960108617175,0.2703467125095829
275,-7.893251961436234,0.27022410088380566
276,-7.827638733404805,0.26998097319489334
277,-7.756924507398973,0.26979608604410543
278,-7.68977867469312,0.2697846020188039
279,-7.618631984803484,0.26950933665210913
280,-7.5413384631676035,0.2693542477550468
281,-7.475123149408262,0.26924069304562237
282,-7.405682552109837,0.26929539996159807
283,-7.324649286436745,0.2691993642713973
284,-7.253988267755699,0.2692233605817592
285,-7.204974056644077,0.26906642591967855
286,-7.154897802866847,0.2690247999319255
287,-7.094244814739118,0.269222117262175
288,-7.043986037840397,0.2691972810815338
289,-7.004662407808269,0.26906022651835715
290,-6.947566955645154,0.2690665754362639
291,-6.906602666547095,0.2691442544498126
292,-6.8775350285827255,0.26918757325495035
293,-6.815137748309484,0.26926312750153786
294,-6.777245094235315,0.269244766056293
295,-6.750246696977035,0.2693145522775667
296,-6.705370470943251,0.2692402147378718
297,-6.669837642230175,0.26929891612357304
298,-6.646039673271691,0.26916734564798617
299,-6.603805806782813,0.2691860416470654
300,-6.570485911265204,0.2692503693019025
301,-6.540179101317965,0.2692329541873169
302,-6.503680738626954,0.26939953715257636
303,-6.466400306267986,0.2693895383980657
304,-6.416684613607917,0.2696157947142295
305,-6.362902823894245,0.2695683423367071
306,-6.3254001314663455,0.269629798112517
307,-6.2800573473839485,0.2696629861077549
308,-6.216946503127761,0.26964714885165897
309,-6.178978464495866,0.2697208132060081
310,-6.134956893989304,0.26969626663473073
311,-6.086446948330778,0.2696512866469325
312,-6.036017052452492,0.2695911264486131
313,-5.9889514883495405,0.2694442940103779
314,-5.9351365231977145,0.26934502463205984
315,-5.896919213734338,0.26905534326008607
316,-5.862369638188746,0.26895397229926593
317,-5.820824736552867,0.2688931856379135
318,-5.7906212015739165,0.26867263607404784
319,-5.756887442087232,0.26868967306829405
320,-5.689972054301188,0.2687934624203102
321,-5.638682188626151,0.2687180483031909
322,-5.576926221229238,0.2686763983588449
323,-5.514478051355069,0.2686714997186826
324,-5.457174692148656,0.2685766590057115
325,-5.408089038654882,0.2684051924123522
326,-5.347240968786518,0.2683336663432825
327,-5.281401172785682,0.2684866516178364
328,-5.228257839962433,0.26842172782630025
329,-5.1728031191567405,0.2683614113934742
330,-7.0475100742779615,0.30346521870603227
331,-5.050653314453062,0.2681624975628394
332,-5.011778287764395,0.26820364637186794
333,20.946926729997337,1.0779764321169851
334,-3.3445163496572095,0.26864700748562725
335,-4.875634835209267,0.26820477414522936
336,-4.834639839728871,0.2681549263347587
337,-4.794937008146301,0.26816161014170076
338,-4.75165311335433,0.26824940841958006
339,-4.723108812084551,0.2682150002465203
340,-4.681645602204674,0.26842381586575126
341,-4.584935573245649,0.268433585023915
342,-4.536099728495733,0.2686886104777997
343,-4.517779989523591,0.26879431443272545
344,-4.473153395870583,0.2690057014848145
345,-4.392091686260452,0.2690812153090929
346,-4.3439801630759,0.2692569214368643
347,-4.281900518245758,0.2695205186654984
348,-4.227874614222722,0.2696652595941029
349,-4.180077726799876,0.2698219644748281
350,-4.1214098587341885,0.27007913971446196
351,-4.049736151168335,0.2702789211826987
352,-1.0326325007735422,0.27094198212306553
353,-3.9316079629968614,0.27073674127297814
354,-3.869433007040362,0.27091551821366394
355,-3.8074023561918366,0.2712348469633584
356,-3.7377546627343556,0.2714524625960764
357,-3.691013432597519,0.27166160753156354
358,-3.6232355053420084,0.2718171368854897
359,-3.5565543752447244,0.27194949882979974
360,-3.516383061692888,0.27194180070051993
361,-3.451500433242086,0.2721535234191464
362,-3.3812810029426306,0.27224771027156464
363,-3.336975705833123,0.27219595755823706
364,-3.2948108408582035,0.2721135539034074
365,-1.0460376702366454,0.2627781399779571
366,-1.4188231869215597,0.27165324038827554
367,-1.3683085686199314,0.27148055879942085
368,-1.3252131305779626,0.2714472034212871
369,-1.2884867472756651,0.2713853143299996
370,-1.2350158731455325,0.2713019854129946
371,-1.194103854991715,0.2713314003867854
372,-1.1545745547956956,0.2713869894444351
373,-1.0703055738511682,0.27130471897972663
374,-1.0230512621344294,0.2713970343426564
375,-0.9581856515986389,0.2713214597602556
376,-0.928708411102719,0.2712467535893507
377,-0.8822432319467569,0.2711279272385942
378,-0.8183964369115729,0.2709967521965296
379,-0.7743559702600362,0.27101886022798505
380,-0.724092118257997,0.27090394976406357
381,-0.6726881758774754,0.27077522307590607
382,-0.5842889895496158,0.2707596880335372
383,-0.5093324419695472,0.27090227073169076
384,-0.4244687196178985,0.2707636139658414
385,-0.3667849803325122,0.2707238188099204
386,-0.28134908323260777,0.270842497249262
387,-0.21320180562029792,0.27079056346095476
388,-0.1469179282842266,0.27064800551349016
389,-0.08364305857051348,0.2706316040724882
390,-0.04856776701775146,0.27061260487986244
391,-0.0011925550387454067,0.2704268007360172
392,0.053477715153480355,0.27031905910094434
393,0.09696093679533288,0.2702311784516048
394,0.14301605485632995,0.2700842736523365
395,0.21260687431907813,0.2700248827824339
396,0.286162593619979,0.26999121280330673
397,0.3423661877709258,0.2697955044298116
398,0.41011701239628034,0.2698510493026195
399,0.5026365728966584,0.26998585927879437
400,0.5573504109132027,0.26992011116490333
401,0.6025480806720885,0.2698332547346379
402,0.6235496645313917,0.269865885166845
403,0.6841330481208344,0.2699151134946423
404,0.7667999512544235,0.27006839411811256
405,0.8019547207745205,0.26997681812888763
406,0.8465676458572413,0.26998864899496333
407,2.0816507057385394,0.27060296676919415
408,0.934544019920169,0.2702053260751728
409,0.9895882202389416,0.27016802950598723
410,1.0572251586191685,0.27028952168154574
411,1.1159664982777835,0.27024450667244204
412,0.277249135337898,0.27020566572560456
413,1.2351998046131896,0.2702057040710082
414,0.3766373886887954,0.2701707615252018
415,0.42034960014581735,0.2701767283785117
416,0.46270211445967113,0.2700962053757987
417,0.052130336975749494,0.27009580000204675
418,0.5545125914616726,0.26978420754152876
419,1.492625836629961,0.26981914206670954
420,0.6223716973338357,0.26968672990768083
421,0.6730106200454312,0.2696928595735139
422,0.7211257374408648,0.2696600334786404
423,0.7779756053643799,0.26964023778008345
424,0.8751608380735617,0.2696417188331804
425,0.9709230691351021,0.2696627434928037
426,1.0808013395132239,0.26956066169912785
427,1.1653500263204843,0.2693770924706916
428,-14.414047234916206,0.6878077924463186
429,7.9686287716983415,1.0086738980417993
430,1.3925772843741488,0.26884215994364746
431,1.4535824484701712,0.2685661619889952
432,2.4306800456423483,0.26882727557928165
433,2.5022076480036772,0.2686234793403503
434,1.6138267297997666,0.2683968637667738
435,1.6219315497013647,0.26842770028364166
436,1.625699579921507,0.2684581512195199
437,6.379068033039092,0.9544868467892992
438,1.7931500958650313,0.26859105080099643
439,1.790342883040199,0.2684083649390904
440,1.8020521974481862,0.268460616260116
441,1.7794500265080648,0.26834628348729767
442,1.738774056984222,0.268332251295478
443,1.64513768539794,0.26846364848356075
444,1.3836949693533818,0.26859621081944496
445,1.1763663240429634,0.2687267426192301
446,0.5099493374513469,0.2690630822196266
447,0.4550186818192299,0.2695627654999224
448,0.4224982112496724,0.26951002127127205
449,0.41932028910423635,0.2694775571079399
450,0.4338066208498191,0.2694915355410292
451,0.4271899301706339,0.2694786659840506
452,0.4289871419967449,0.26946050475713995
453,0.4277129644886172,0.2694626404004186
454,0.42341154706766004,0.26939878555651975
455,0.4250016264927028,0.26944870414821914
456,0.43520802274068426,0.2695076581941196
457,0.4328667883702715,0.2694155163156675
458,0.43188711115152256,0.2694827812453552
459,0.42512883024518705,0.269443073834276
460,0.42871895468858134,0.2694731678118902
461,0.4283546677006951,0.26943494064129914
462,0.43002314549901693,0.2694701894384111
463,0.4295529444160982,0.2694467198710011
464,0.42888696675620086,0.26942739270061744
465,0.4283414979914168,0.26936669272041996
466,0.27361899660226485,0.2693843082585114
467,0.31329754451333724,0.26912942481399477
468,-0.09879385973629928,0.23867293873816856
469,0.8148025732602532,0.26919777597509237
470,0.8847028957330866,0.26927848371147894
471,0.07668868878456774,0.23841967615887655
472,0.5752549322642532,0.269819633333935
473,1.1900143874576663,0.2693235415218533
474,0.51370598293942,0.2501161797425987
475,1.3355820725914171,0.26945619125637676
476,0.7930116593742006,0.27024060428905766
477,0.8309096411337441,0.2703268259637957
478,0.726020176014718,0.2495886385400421
479,-12.567093061084806,0.3599170607166946
480,1.1862924240884667,0.27053701817399056
481,1.7843588631074858,0.26971538699426584
482,1.8201877547040817,0.2695831182817152
483,1.2263636418789192,0.24806819129885743
484,1.8582662797599319,0.2697207565247939
485,1.426563958882622,0.2703590501119376
486,1.5130767619347167,0.27060114913764105
487,1.5843845558018161,0.27035216779984494
488,1.6531686924784272,0.2698618484474818
489,1.7738636706230368,0.2694977038502322
490,1.7441777915709809,0.2685691381231467
491,1.825093482363102,0.26879929866943647
492,2.422655264485223,0.26809346356247354
493,2.4650727245936026,0.26812249470482785
494,2.558890924264048,0.2681307991514113
495,-3.3953159645434456,0.35124587597792056
496,-11.353416649224705,0.33634008788856734
497,-2.7213479714299984,0.34689304844515917
498,2.286837210057742,0.2705375249273414
499,2.9162055044735644,0.26995333467937205
500,2.419995486826811,0.27106780111918005
501,2.4812575350028125,0.27109306805856204
502,2.553386470928465,0.27139158870777896
503,2.703076481254566,0.2716512121256052
504,-2.2527408743164914,0.3454493449993865
505,2.966089676241775,0.27235549257164027
506,3.7026455407010337,0.2719195045506642
507,-8.878101028964196,0.32646419093118595
508,3.464919600870558,0.2729145109325735
509,3.576949424985439,0.27358174608247565
510,-1.300105857479188,0.3422128060745751
511,3.829618212093908,0.2745314544104473
512,4.014919414312291,0.2747786208031866
513,4.202843207388142,0.2750550251433618
514,-0.8327836940150536,0.3407200140287202
515,-8.034258883044503,0.3161927889201445
516,4.570628283010934,0.27507049500880554
517,4.621335668986908,0.27508300622930226
518,4.643527754202443,0.27528562222924485
519,-1.8869656064342788,0.260945856269137
520,4.849863184440475,0.27492515183389127
521,4.952539919588973,0.2749848497179201
522,8.275588071400641,0.23682207206076666
523,5.15438646577126,0.2750046973346932
524,5.293799901713106,0.2749608628332527
525,5.417243373955193,0.2747969861450654
526,9.063493543241753,0.2346461215669402
527,5.729229326970472,0.27486767051868344
528,9.498986845512013,0.23368916862424569
529,9.773225097625154,0.2334614185205993
530,9.991815563345941,0.23318509867807358
531,10.278516876359472,0.23286176628568703
532,6.48279985134829,0.27621740061964295
533,6.712072193401349,0.27631881588128476
534,11.282743054612826,0.23143952086734668
535,11.58139436030344,0.2308260031075461
536,7.307973690387169,0.2764833553712061
537,12.207469378556704,0.22971942645991883
538,12.44823580773833,0.22944834408909023
539,7.702086570345658,0.27688760277936614
540,7.922724335192749,0.27674957454394766
541,8.084970640296323,0.2770625187939004
542,8.1421749229238,0.27753122667898283
543,8.241846641147918,0.2776788376172424
544,8.377843659304228,0.2779025116646629
545,8.51276731324693,0.2779044232022996
546,8.648713816151963,0.27837202114032494
547,8.78040952839779,0.2786886327269955
548,8.970698424116602,0.2789768915746364
549,9.112960452185323,0.2792101903370473
550,9.248914547836119,0.2792287502561666
551,9.392108871480234,0.27939144486689654
552,9.53226884561875,0.27945251111871344
553,9.721179270599702,0.2792797225330895
554,9.92296511765069,0.27932091809676113
555,10.063032985970505,0.27956040468578974
556,10.203062185958803,0.27974416981752925
557,10.209049818789381,0.2756913633297365
558,9.660688890722344,0.270403754004591
559,9.785488057089468,0.27042423540636745
560,9.938380240141456,0.27033262212009984
561,10.092547885953739,0.27044443054869655
562,10.221855365969944,0.27046241107549385
563,10.370900220290208,0.2705033573974583
564,10.492650402838187,0.2706018679629018
565,10.648138640396333,0.27078549448545947
566,10.777065963062524,0.2708567418386385
567,10.904719443511707,0.27091570127886516
568,11.09296644030399,0.2710379844438418
569,11.194955598732735,0.2711225065880975
570,11.286120623013542,0.2754897188302123
571,11.506440979306163,0.2755192673661256
572,11.753084252709222,0.27134117510685896
573,11.98990522875799,0.271516453988957
574,12.245697072207973,0.27153728742262373
575,12.84960483331459,0.276663154953654
576,12.985280657510035,0.27671949829798587
577,12.533589986581493,0.27599984042320685
578,12.541396779759946,0.27588458421656886
579,12.476007462983548,0.2759548105430252
580,12.58713841010979,0.27167368079646637
581,12.570634510140627,0.27594054351543135
582,12.64145011308235,0.2759263851651291
583,12.705374336304361,0.2759755308682198
584,12.776822646686638,0.2759735075291198
585,13.01579895557394,0.2718157272911573
586,13.210274744571503,0.2717829429958866
587,13.227243588770502,0.2761441831216901
588,13.402503233988387,0.27205498980494974
589,13.481289680874063,0.276465313961211
590,13.674382117282532,0.27648626547524285
591,13.92939858267963,0.27219467260920144
592,13.965988195707256,0.27652839015143654
593,14.000830020799361,0.2764935990752467
594,14.051471887843094,0.27657641194202975
595,14.211569813956178,0.276696183857961
596,14.39693159719564,0.2765221391609677
597,14.486023053286376,0.27672343191770354
598,14.479676986095992,0.2766109636497911
599,14.575765957910082,0.27658126543129236
600,14.688464126408192,0.27680993626857403
601,14.771277383037177,0.27689660650515635
602,14.797792643919287,0.2769561682213521
603,14.786908275730832,0.27635368259567245
604,14.842680471744583,0.27646609044987835
605,14.971255511903859,0.27716294344693965
606,15.069129668752561,0.27729213843773937
607,15.167067515910604,0.2768671648077291
608,15.309467499760718,0.27691415755209187
609,15.46868987748828,0.27709409654383377
610,15.642574493136458,0.27723578384409764
611,15.797628991269017,0.2775223381546613
612,15.882662014107913,0.27755528158210546
613,15.955987577158888,0.2716889309390352
614,16.17884246888313,0.2718956133877128
615,18.054368578046066,0.2795679002308984
616,16.54691274901523,0.27224198937360894
617,16.693740073752597,0.27243636552788436
618,16.776777247612774,0.2723476125720715
619,16.694219044299313,0.27215885043269544
620,16.501835551032524,0.26988027205346654
621,16.536225397985284,0.26997122942857793
622,16.708214541175604,0.27208341985252815
623,16.63150577141698,0.2698850409393131
624,16.686896126370875,0.26990807789685567
625,16.864834585792376,0.2720238268965578
626,18.674650949701874,0.27938182554374236
627,16.750970986033458,0.269813152969836
628,16.936189045980953,0.27205985625328016
629,16.96263777753346,0.2721057563250654
630,16.979787230415862,0.271998661242186
631,17.021682667556377,0.2720297678691993
632,17.13002720662985,0.27200310491379215
633,17.26214071120401,0.2719337742908603
634,17.35017844362508,0.27210611526982587
635,17.45102236995904,0.27215007550128073
636,17.552746308349302,0.2722364433443789
637,17.476390562849296,0.27014980253266446
638,17.554972910633158,0.2700877749222458
639,17.784397546159877,0.27223946215953687
640,17.856585689231544,0.2722968148267927
641,17.95436296552572,0.27237284061913036
642,19.971950668647445,0.2798475024036665
643,17.998504718406085,0.27037491659266616
644,18.085143398769517,0.27037139028725005
645,18.357188855967223,0.2725537691870795
646,18.348979318760698,0.27039953335399747
647,20.620289557517104,0.28020218613021447
648,18.55871526138762,0.270664462428177
649,18.6739862175376,0.2707000771152604
650,19.04994048632715,0.27302929619259736
651,21.25312192896085,0.28066838917768244
652,19.250548147382368,0.2733520710681789
653,18.828639583054883,0.27339818072448746
654,18.607426057050606,0.2798659561964735
655,18.449885731886837,0.27986708006796696
656,18.320909415929385,0.27333738228386795
657,18.27744477187413,0.27331896342896334
658,18.276678630228965,0.27335821191159915
659,18.274466247464478,0.27340478350906194
660,18.25996743867425,0.27333061513909274
661,18.258552401336143,0.2733431000548083
662,18.263697961925274,0.27338927500744
663,18.250970468758993,0.27333229983030344
664,18.25629462574679,0.27335050277981277
665,18.25284664786164,0.2733289569734511
666,18.251163947579823,0.2733420597438606
667,18.256394469196312,0.2733430909361043
668,18.2529283946127,0.27336188947846624
669,18.2542939321886,0.27340336669668763
670,18.249198038465835,0.27333951793372974
671,18.249615487294697,0.27337592967481017
672,18.246958866753165,0.2733748627818262
673,18.250125494159764,0.27337683837768845
674,18.250964114154527,0.2733863186559564
675,18.25243936243631,0.27342840862089834
676,18.21794862211239,0.2733143983919014
677,18.1620922947656,0.2733739199753028
678,18.113904959900957,0.27335647226885174
679,18.240514441827422,0.2734284908712778
680,18.36691251246474,0.27319759297125307
681,18.375544173667027,0.2730347836623296
682,18.480905332286884,0.27297680911914507
683,18.552351342716783,0.27289610245043905
684,18.779016411708582,0.2730735817964205
685,18.944401188801372,0.27298908724072635
686,18.99839466769016,0.27276074554398877
687,19.108857321569584,0.27269951692121136
688,19.36644439666395,0.2728432182578387
689,19.667201391863138,0.27293661700767957
690,19.80529789970267,0.2727992898144993
691,19.99499830514238,0.27288516819119224
692,20.327937651003104,0.27291228525751116
693,20.458367771754737,0.272923773930526
694,20.61466198967325,0.2730219566477253
695,20.8694301607278,0.27318909408701003
696,21.197176189576155,0.27319020525563303
697,21.42824577613825,0.2733194256481781
698,21.745467162253018,0.27361263315287715
699,25.478622539969233,0.2830089815030228
700,21.443653596058258,0.2691467376412798
701,23.11501358553372,0.2745616084617148
702,22.32945832283775,0.2697750829658003
703,22.70900534847842,0.2699152704455847
704,24.293956998454476,0.27491723588473505
705,24.78142839280031,0.274991126171604
706,25.163694182151506,0.2750030430425503
707,25.54175059902435,0.27498491057246205
708,30.13182911328056,0.28451098968155675
709,26.711977080703903,0.27554882706142625
710,31.356717668479583,0.28440031773988544
711,24.151981826768974,0.26728195122847664
712,32.86227476703631,0.28535574160019095
713,25.120049362548823,0.26784548161659383
714,25.443704625104754,0.26787664054524113
715,28.093920594497575,0.2719709169525157
716,35.37437433663438,0.28544881782963244
717,29.19762014420218,0.27232920268594996
718,35.474473044578936,0.2840045730398399
719,37.08840569282453,0.2852214496791379
720,37.78534908261573,0.2852469845869086
721,31.052154660452782,0.2725386738754499
722,28.731347648032205,0.268866824370483
723,38.579793759257655,0.2839140727272833
724,40.40028252370988,0.2850740350896601
725,32.92595981737383,0.2726632034612638
726,43.913976637007245,0.2856380035177257
727,43.26393674838867,0.28560433317313794
728,43.92958007420162,0.28503953264832516
729,32.52935086082966,0.269704829349988
730,46.85034502919506,0.28521983106438104
731,47.69329459949568,0.2851191981292868
732,34.07035848667718,0.2698456294021892
733,47.71351498689353,0.2844959898734625
734,48.62071723125611,0.28423796648180316
735,49.445711903809574,0.28390161669405223
736,50.320927507584905,0.2838872779715586
737,52.74071193430621,0.2843049994550004
738,52.21512808429788,0.28375986439868384
739,53.08590699919003,0.2840494140623383
740,53.900412907898605,0.283941393619195
741,54.564469666388845,0.2837029478732634
742,55.631261574369255,0.28333115641446777
743,57.59377433509088,0.2834312453264668
744,58.433713990501346,0.28335061488575347
745,59.46945741996831,0.28332848730251564
746,60.04196253071491,0.28289589270236526
747,61.16485291446825,0.28274434085298517
748,62.24838914074689,0.2829094371216818
749,63.08798538553826,0.28284117127546077
750,64.16287516101016,0.28244028353771183
751,65.10574413707712,0.2839066881067626
752,67.07111573525852,0.28466565631002416
753,67.57048868506149,0.2822694849677761
754,68.8140545506238,0.28220557587412315
755,70.2610727755616,0.282244911699694
756,71.35861586086308,0.28206915603798766
757,72.9098005158561,0.28238838003895217
758,74.6344937091159,0.28239330768208576
759,60.444458012306136,0.28083526129790803
760,78.25200599056882,0.2825253474015222
761,78.72177364538352,0.28433235617636554
762,82.03409674607313,0.28267367984402036
763,84.35195174470077,0.2825522752846065
764,85.94640541143923,0.28236438830669996
765,86.97008335416055,0.2822286083828488
766,88.10008329297287,0.281817496601154
767,89.38257008673338,0.2822250333553082
768,90.92864099422549,0.2823320004399864
769,92.51712526538384,0.282414851003235
770,94.12025700689615,0.28226362431309976
771,93.2264505217965,0.2844980664011361
772,97.99251618567793,0.2823496001553142
773,99.56825143591344,0.28265302414806737
774,97.86124556385587,0.28536348648095194
775,102.68606469849111,0.28281646778033825
776,104.07032509447782,0.2830203050128852
777,105.32381197189493,0.28305287720309186
778,89.53512687685205,0.2825523830941666
779,91.05902735811817,0.2827409242377961
780,108.88470984109082,0.2837995020957073
781,110.40097898369991,0.28362291564562414
782,111.8639814064071,0.28330593637337637
783,97.19439713093493,0.28308944592038865
784,98.569194083287,0.282903057372004
785,114.9973636479289,0.28345574391297457
786,116.0326890919838,0.2840860354680635
787,117.27069734505878,0.2838692811957569
788,118.1024964564252,0.2843409036271738
789,119.5439623203167,0.28395393635692
790,120.5668040333233,0.28437547597711044
791,121.6418239711903,0.2843188759376614
792,122.96148103819914,0.2838735999285278
793,124.54253923593407,0.2842081260060248
794,125.761382888349,0.28391264957428747
795,127.24033413788646,0.2841696955342386
796,128.29450099203663,0.28421218051806013
797,129.2114638697162,0.2842967220057485
798,130.64032933288672,0.28492095103236276
799,131.63940611685348,0.2840124640625
800,132.64002795961355,0.2854896548188461
801,133.88754247325096,0.28451951862058694
802,134.79812975515395,0.284976182206102
803,136.3263633141575,0.2861016214612488
804,137.34367214649768,0.2860072987810979
805,138.10536756831326,0.2864904956682129
806,138.81014118162332,0.2871777665829425
807,131.63238561411882,0.28791843813696394
808,140.38213227309885,0.28677048265592586
809,141.02319403922073,0.28766812410093673
810,141.60358157598176,0.2882503864292515
811,138.5142813830909,0.294061060167122
812,143.06089130399926,0.288986344709421
813,143.85677089785878,0.28819050672061797
814,144.23229360548757,0.2892664934370238
815,144.89573912093,0.2894329996473626
816,145.29698305720052,0.2893785564767946
817,145.64903645432682,0.28908376989407303
818,146.01180282275664,0.28882681188399156
819,146.27201305589256,0.2885933645573397
820,146.5339366550459,0.2888395534337129
821,146.73149106919595,0.28865229917295854
822,146.88997744948998,0.2887110190141085
823,147.14645988586744,0.2873328696125175
824,147.4167202141914,0.28673199006903627
825,147.7205661276883,0.28657537765433977
826,147.997082306092,0.2870972422719559
827,148.25214281586275,0.2867361587121106
828,148.43440863187027,0.2867597538704163
829,148.58274115063205,0.28683308627234116
830,148.8218896634667,0.28695930022943
831,149.04111207251512,0.2867330961908374
832,149.21990551152305,0.2861987329030202
833,149.56305771013015,0.28593523490626604
834,149.79044156708466,0.2858210701304609
835,150.0336970518983,0.2867425197175951
836,150.33679825867478,0.28679394185512874
837,150.59955664809758,0.286386534648271
838,150.84906150990847,0.2867181921820695
839,151.29160117540084,0.2872340056068577
840,151.58364951394583,0.2867876295681219
841,151.78826704580055,0.2871948635930767
842,152.0541384061326,0.2864513976076036
843,152.37395243312847,0.28538869858249144
844,152.75509425005535,0.28572226914406657
845,153.0808214817291,0.2853011168384602
846,153.37909668903404,0.2858503235621318
847,153.56623104843584,0.2853491463527249
848,153.73978362941193,0.286220025854024
849,153.9385050475099,0.28697242000143974
850,153.97172362730572,0.28700908415886994
851,153.98414372357183,0.28706821174735153
852,153.96376826882025,0.28717632094705203
853,153.93217297684302,0.28726177660482777
854,153.94976725992277,0.2869337691042851
855,153.9681226206156,0.2869607203764624
856,153.9564533372804,0.2871899827565503
857,153.9630349353037,0.2869048055151504
858,153.99094885715337,0.2868460115788272
859,153.99854176020114,0.2868998128699139
860,153.12137128171963,0.332372631519483
861,168.54585258694183,0.3362605913268269
862,153.96653864672862,0.28701174350165237
863,153.96627043259133,0.28682396942451266
864,167.3836042343034,0.38287971593000153
865,154.80730559995595,0.29308205128410214
866,153.96605316920383,0.2868839838856002
867,153.98473428100073,0.2868194051149482
868,156.59589997078865,0.32363173566798
869,154.34495021035676,0.29127854226756944
870,153.96896851349777,0.28680354574671785
871,153.98125659062504,0.2867946537098652
872,153.98052741891533,0.28692623155117275
873,153.99225747769512,0.28664048755746174
874,154.06782564120525,0.2865362377331662
875,153.9805147926589,0.2856539218261613
876,153.99946656739257,0.2861014744157286
877,153.94464542282464,0.2864311236788658
878,155.06910144904518,0.27876029814097747
879,155.22251380456586,0.2786117338979263
880,155.38891208717757,0.2784610119538949
881,155.69287299879133,0.2781044520883826
882,155.8950555963531,0.2779348092922204
883,156.13083309305296,0.2776025621914065
884,156.36161904509328,0.27719368266708005
885,156.53870428405662,0.2769441312807408
886,156.75834469418254,0.2765159100333689
887,156.90668967837476,0.2762984914495684
888,156.99564965172723,0.2762667415042326
889,157.19037429984436,0.27591569046243775
890,159.33561925021226,0.27505437579592024
891,159.55562369228983,0.2748808171367751
892,159.78260176269876,0.2745139101529487
893,159.95151985658578,0.2745298450481183
894,160.30788161392795,0.27452201784429986
895,160.65531712597823,0.27489901517143656
896,161.11152393008564,0.27574167752175377
897,161.57440452805002,0.27663651575357845
898,161.8793379699021,0.2770975083953076
899,162.20512271670958,0.27744989948058274
900,162.52241643625965,0.2775248166804112
901,162.8580062146903,0.2779435116526607
902,163.15780890692,0.27825929699911744
903,162.69667022878605,0.2775801864620712
904,163.01016858349496,0.27788298643907344
905,163.28376582055927,0.2782410527820419
906,163.56285641142532,0.27845347707357126
907,163.84542226871142,0.2786512279220158
908,164.11503426190342,0.27876681852679935
909,164.37829613020762,0.27885921333091257
910,164.56279403914158,0.27884143133746697
911,164.73308492818254,0.2788274174509457
912,164.87066345239163,0.2785917929429579
913,165.01591189015616,0.2780583154684584
914,165.1114431892967,0.27784900247100824
915,165.18573741621736,0.2776093000089041
916,165.31917177472184,0.2771153781037356
917,165.41460855269526,0.2768363833994124
918,165.53964482785966,0.2766819179271324
919,165.68436463070552,0.27648657181662534
920,165.83688071831736,0.27638256453792837
921,166.03487406879518,0.27625437716162393
922,166.23579416424667,0.2765336899811458
923,166.39495859956057,0.2771798029042599
924,166.61544667560835,0.27727574575613606
925,166.74721368415683,0.27775788409388164
926,166.89330459755922,0.2780104615906298
927,167.0491904212153,0.2784182018849878
928,167.2259363764192,0.27854409094744814
929,167.35173137790625,0.27902044360569517
930,167.52326137277055,0.27914841039083277
931,167.6974181437165,0.27921115100333266
932,167.79641676347254,0.2797310849015606
933,167.92309344211213,0.2798515809954987
934,168.00784456588278,0.2799734162451603
935,168.1112649931533,0.2800500516287154
936,168.19876918038264,0.2799474640271968
937,168.2829591416506,0.27990789816575934
938,168.3974993443893,0.2797555479842626
939,168.46053399717,0.2800531318676844
940,168.57739838305721,0.2802205530899285
941,168.69319317287616,0.2803882854205739
942,168.8296437075389,0.2805755734505389
943,168.83937626579652,0.2809689082722897
944,168.92073780804887,0.28106244383569523
945,169.27046954034222,0.28038172833629527
946,169.9045849533634,0.2798339261337346
947,169.662077935026,0.28111513777764896
948,169.6628009077287,0.2809495533248348
949,169.7759970425478,0.2802526738798827
950,170.07216060195455,0.27965967090731786
951,170.12097254808717,0.27958016388599183
952,170.20662557247627,0.2794300763230085
953,170.2719924434658,0.2794422519940097
954,170.32466401242206,0.27959306996786776
955,170.3900796384774,0.279738360721927
956,170.4710217189702,0.27988937937692293
957,170.25925849953097,0.2809102507425875
958,170.60446012040322,0.28023343912599386
959,170.69832778736264,0.28041776991302436
960,170.50539125788345,0.28141623757264034
961,170.81862203996377,0.28065962754690466
962,170.88314555625647,0.28073569977037516
963,170.68483402013615,0.28160568784448325
964,171.02678066601152,0.28066709776118454
965,171.03551249010732,0.2808713672388581
966,171.04101830279512,0.280759227861945
967,171.03893864868382,0.28076733822644856
968,171.03189885663465,0.2807882747106332
969,171.03208056911453,0.28077465504981697
970,171.04088096915106,0.28076103742588
971,170.74470658104156,0.2816505242010427
972,171.03257184489865,0.2806924800629971
973,171.0406035083686,0.28074030100121106
974,171.03843502643522,0.2806974222246708
975,171.02650738479787,0.2808290753703257
976,171.04461435246708,0.28079445628519545
977,171.04127620885302,0.2807316899522336
978,171.03440091128212,0.28079375671919155
